run_name,wandb_id,wandb_state,direction,variant,description,epochs_observed,best_epoch,best_val_accuracy,best_val_balanced_accuracy,best_val_macro_f1,best_val_nll,best_val_ece,test_accuracy,test_balanced_accuracy,test_macro_f1,test_nll,test_ece,test_itr_bits_per_min,batch_size,trainable_params,total_params,wandb_url
20260902_b2w_A2_spectral_uniform_clean_s42,limm9vt3,cutoff,BETA→Wang,B2W_spectral_uniform,BETA→Wang A2 clean + source-selected uniform prior on occipital-4,5,5,0.5584821428571428,0.5584821428571429,0.5667932185454783,1.7382759423916962,0.0299498894392271,,,,,,,128,6448745,75638377,https://wandb.ai/jm020827/calibration-free-eeg/runs/limm9vt3
20260902_beta_within_A0_clean_pilot1ep,avdag3gr,finished,BETA within,A0_clean,REVE mean-pool + classification head; no condition/adapter/latent/augmentation,1,1,0.0276785714285714,0.0276785714285714,0.0051473135515056,3.6888505008043166,0.0044011583920373,0.02544642857142857,0.02544642857142857,0.005187611112746042,3.688338232498655,0.00669324659039891,0.00017592250403097864,64,1598504,70788136,https://wandb.ai/jm020827/calibration-free-eeg/runs/avdag3gr
20260902_beta_within_A2_clean_pilot1ep,hcrnz2wa,finished,BETA within,A2_clean,structured prompt + conditioned adapter; clean single view,1,1,0.0303571428571428,0.0303571428571428,0.0064271577943799,3.6855282289620512,0.0009782817542482,0.029464285714285714,0.02946428571428571,0.004139029201908363,3.6840738858638815,0.00195264628068164,0.01675065899285677,64,6448744,75638376,https://wandb.ai/jm020827/calibration-free-eeg/runs/hcrnz2wa
20260902_beta_within_A2_finetune_clean_pilot1ep,auyfx7he,finished,BETA within,A2_finetune,A2 clean with full REVE fine-tuning at 1e-5,1,1,0.025,0.025,0.0012195121951219,3.7022216404296913,0.0114335566036903,0.025,0.025,0.0012195121951219512,3.7022392669116324,0.011433468689632062,0.0,32,75638376,75638376,https://wandb.ai/jm020827/calibration-free-eeg/runs/auyfx7he
20260902_beta_within_A2_strong_pilot1ep,ru5h6c5x,finished,BETA within,A2_strong,structured prompt + adapter; 8/4/2-channel strong two-view augmentation,1,1,0.0303571428571428,0.0303571428571428,0.0042946099884743,3.689533593876347,0.0014639161780169,0.029910714285714287,0.029910714285714284,0.0059541004255955175,3.6885875539737647,0.001985971826313212,0.020164052208482275,64,6448744,75638376,https://wandb.ai/jm020827/calibration-free-eeg/runs/ru5h6c5x
20260902_beta_within_A4_full_pilot1ep,j3cqtq5x,finished,BETA within,A4_full,prompt + adapter + consistency + latent nuisance + strong augmentation,1,1,0.0272321428571428,0.0272321428571428,0.0066853918747534,3.692579703778173,0.0045861823737634,0.033035714285714286,0.033035714285714286,0.0066909267761093485,3.6916090193770077,0.0012060953661182858,0.052152889172090156,64,7003304,76192936,https://wandb.ai/jm020827/calibration-free-eeg/runs/j3cqtq5x
20260902_w2b_A0_clean_s42,gnlc3ta2,cutoff,Wang→BETA,A0_clean,REVE mean-pool + classification head; no condition/adapter/latent/augmentation,34,34,0.1077380952380952,0.1077380952380952,0.1050252556122755,3.4274809739509875,0.0367607834396644,,,,,,,64,1598504,70788136,https://wandb.ai/jm020827/calibration-free-eeg/runs/gnlc3ta2
20260902_w2b_A2_capacity_nometa_clean_bs64_s42,e5av5dom,cutoff,Wang→BETA,A2_capacity_nometa,constant prompt + adapter with all metadata disabled,19,15,0.7297619047619047,0.7297619047619047,0.7319193097259916,1.2467176819000052,0.0985626792316266,,,,,,,64,6437480,75627112,https://wandb.ai/jm020827/calibration-free-eeg/runs/e5av5dom
20260902_w2b_A2_capacity_nometa_clean_s42,lyrppav2,killed,Wang→BETA,A2_capacity_nometa,constant prompt + adapter with all metadata disabled,5,5,0.3904761904761905,0.3904761904761905,0.3843660382448178,2.324501465727066,0.0983952825404576,,,,,,,256,6437480,75627112,https://wandb.ai/jm020827/calibration-free-eeg/runs/lyrppav2
20260902_w2b_A2_finetune_clean_lr1e5_s42,i8bi2z24,finished,Wang→BETA,A2_finetune,A2 clean with full REVE fine-tuning at 1e-5,27,15,0.6440476190476191,0.644047619047619,0.649009936555284,1.4977892283900671,0.1109961670652147,0.025535714285714287,0.025535714285714283,0.010096506522132308,4.888992337119325,0.27240047915778315,0.0002530385663934709,32,75638376,75638376,https://wandb.ai/jm020827/calibration-free-eeg/runs/i8bi2z24
20260902_w2b_A2_spectral_prior_clean_s42,kur3tcc8,cutoff,Wang→BETA,A2_spectral_inverse,A2 clean + five-harmonic 1/h spectral prior on occipital-8,14,12,0.7196428571428571,0.7196428571428571,0.7216698873612908,1.1461780337453422,0.0330322845331024,,,,,,,128,6448745,75638377,https://wandb.ai/jm020827/calibration-free-eeg/runs/kur3tcc8
20260902_w2b_A2_spectral_uniform_clean_s42,phh4lhbz,cutoff,Wang→BETA,A2_spectral_uniform,A2 clean + five-harmonic uniform spectral prior on occipital-8,10,10,0.7398809523809524,0.7398809523809524,0.7412469794712344,1.0484739432873305,0.0301223240371615,,,,,,,128,6448745,75638377,https://wandb.ai/jm020827/calibration-free-eeg/runs/phh4lhbz
20260902_w2b_A2_structured_clean_s42,xloyp77g,cutoff,Wang→BETA,A2_clean,structured prompt + conditioned adapter; clean single view,34,25,0.725,0.725,0.7286502324780317,1.733487295088071,0.1679540942825862,,,,,,,64,6448744,75638376,https://wandb.ai/jm020827/calibration-free-eeg/runs/xloyp77g
20260902_w2b_A2_structured_strong_s42,xgjglfe3,cutoff,Wang→BETA,A2_strong,structured prompt + adapter; 8/4/2-channel strong two-view augmentation,34,31,0.6077380952380952,0.6077380952380953,0.6112347386784807,2.2192596192954666,0.2203855888491725,,,,,,,64,6448744,75638376,https://wandb.ai/jm020827/calibration-free-eeg/runs/xgjglfe3
20260902_w2b_A3_phase_consistency_s42,puoczniq,cutoff,Wang→BETA,A3_phase,"A2 two-view with full channels, low noise, ±25-sample time shift",15,15,0.6505952380952381,0.650595238095238,0.6575747273035752,1.4070093954270035,0.1635405763277325,,,,,,,128,6448744,75638376,https://wandb.ai/jm020827/calibration-free-eeg/runs/puoczniq
20260902_w2b_A4_full_repro_s42,ekxce0bt,cutoff_target_eval_completed,Wang→BETA,A4_full,prompt + adapter + consistency + latent nuisance + strong augmentation,35,32,0.7607142857142857,0.7607142857142857,0.7614696851863602,0.9962934876150225,0.0733085425625306,0.028303571428571428,0.028303571428571428,0.020475954739280024,4.7089091785487645,0.24841178429005698,0.009298860669844089,64,7003304,76192936,https://wandb.ai/jm020827/calibration-free-eeg/runs/ekxce0bt
